<?xml version="1.0" encoding="UTF-8"?>

<hibernate-configuration>
<session-factory>

<property name="hibernate.connection.Driver_class">com.myDsql.cj.jdbc.Driver</property>
<property name="hibernate.connection.url"> jdbc:mysql://localhost:3306/Telecommunication</property>
<property name="hibernate.connection.user">root</property>
<property name="hibernate.connection.password">@Nu1234#</property>
<property name="hibernate.dialect">org.hibernate.dialect.MySQLDialect</property>
<property name="hibernate.show_sql">true</property>
<property name="hibernate.hbm2ddl.auto">update</property>
<mapping class="com.hibernate.entity.BillingCycle"/>
<mapping class="com.hibernate.entity.Call"/>
<mapping class="com.hibernate.entity.Inventory"/>
<mapping class="com.hibernate.entity.Message"/>
<mapping class="com.hibernate.entity.NetworkElement"/>
<mapping class="com.hibernate.entity.Payment"/>
<mapping class="com.hibernate.entity.Subscriber"/>

</session-factory>
</hibernate-configuration>